3,72,Jérôme Cahuzac continue de toucher ses indemnités de ministre,10.248999,OTHER,https://factuel.afp.com/non-jerome-cahuzac-ne-touche-plus-dindemnites-de-ministre-et-ce-depuis-2013
3,28946,An inattentive janitor caused several deaths in a hospital when he disconnected patients' life support systems to plug in a floor polisher.,9.282808,FALSE,https://www.snopes.com/fact-check/polished-off/
3,30355,Harry Potter author J.K. Rowling exacted revenge on a Twitter critic by monitoring his finances for two years and then buying his home.,9.208239,FALSE,https://www.snopes.com/fact-check/jk-rowling-house-troll/
3,30961,"Kristen Bell is the most tattooed actress in Hollywood, with more than 200 facial and body tattoos.",8.913805,FALSE,https://www.snopes.com/fact-check/a-body-of-lies/
3,6364,People are attaching HIV-infected needles to gas station pump handles.,8.637615,FALSE,http://www.politifact.com/facebook-fact-checks/statements/2019/jun/24/facebook-posts/no-those-posts-about-infected-needles-being-hidden/
3,9759,Kirk 'Cox joined special interests to deny teachers raises.',8.637615,FALSE,http://www.politifact.com/virginia/statements/2019/sep/24/sheila-bynum-coleman/contrary-bynum-coleman-cox-has-steadily-backed-tea/
3,6183,'Every single month since 1985 has been warmer than the historic average. All 12 of the warmest years on record have come in the last 15 years.',8.569431,TRUE,http://www.politifact.com/new-jersey/statements/2013/jul/28/rush-holt/rush-holt-warns-millions-will-die-climate-change-g/
3,13236,"Says Trump shirts are made in Bangladesh, Trump suits in Mexico, Trump Vodka in the Netherlands, Trump crystal barware in Slovenia and his cufflinks and ties in China.",8.569431,MIXTURE,http://www.politifact.com/punditfact/statements/2016/jul/26/funny-or-die/fact-checking-funny-or-die-video-about-trump-brand/
3,10112,Says Oregon’s political tax credit is something 'every state should have and no other state does.',8.253999,FALSE,http://www.politifact.com/oregon/statements/2013/aug/01/kari-chisholm/oregon-alone-having-political-tax-credit/
3,5710,'Anyone can die of a toothache.',7.9968886,TRUE,http://www.politifact.com/florida/statements/2016/jan/26/john-cortes/ignoring-toothache-really-could-potentially-kill-y/
3,12470,"Ohio has 'created 45,000 new manufacturing jobs since 2010. And that's due in large part to the fact that the auto rescue has helped Ohio.'",7.792551,MIXTURE,http://www.politifact.com/truth-o-meter/statements/2012/sep/06/ted-strickland/strickland-credits-auto-rescue-ohio-manufacturing-/
3,21157,ISIS militants fed a captured man’s remains to his distraught mother.,7.792551,OTHER,https://www.snopes.com/fact-check/kurds-and-prey/
3,24792,Singer Lana Del Rey banned the American flag from her concerts because she can't stand to see it with President Trump in office.,7.68514,MIXTURE,https://www.snopes.com/fact-check/did-singer-lana-del-rey-ban-american-flags-at-her-concerts/
3,31657,Screenshots document musician Sean P. Diddy Combs' futile attempts to secure a Twitter handle from comb-seller 'Sean's Combs.',7.68514,FALSE,https://www.snopes.com/fact-check/sean-combs-twitter-handle/
3,30631,The rapper DMX (Earl Simmons) died in February 2018.,7.567345,FALSE,https://www.snopes.com/fact-check/dmx-death-hoax/
3,26021,Fast food chain Burger King is behind a ‘subservient chicken’ Internet promotion.,7.4789624,TRUE,https://www.snopes.com/fact-check/subservient-chicken/
3,6614,"Says when armed civilians stop mass shootings with guns, an average of 2.5 people die; otherwise, an average of 18 people die.",7.4628983,FALSE,http://www.politifact.com/new-hampshire/statements/2014/jun/06/jim-rubens/jim-rubens-says-when-armed-civilians-stop-mass-sho/
3,22411,A photograph shows two daredevils playing tennis on the wings of an airplane.,7.2835584,MIXTURE,https://www.snopes.com/fact-check/daredevils-playing-tennis-airplane/
3,3091,At least 10 Nigerians die from cancer every hour,7.2796865,OTHER,https://africacheck.org/reports/do-10-nigerians-die-from-cancer-every-hour/
3,9452,John McCain accused Barack Obama 'of letting infants die.',7.2796865,FALSE,http://www.politifact.com/truth-o-meter/statements/2008/oct/09/barack-obama/obama-ad-wrong-about-mccain-abortion-charge/
3,15550,"Says 1,000 World War II veterans die every day.",7.2796865,MIXTURE,http://www.politifact.com/texas/statements/2011/jun/13/david-dewhurst/lt-gov-david-dewhurst-says-1000-world-war-ii-veter/
3,30083,Left-handed people die younger than right-handed people.,7.2796865,FALSE,https://www.snopes.com/fact-check/left-hand-right-hand-death/
3,26389,Siblings are coincidentally killed in related automobile accidents.,7.194806,TRUE,https://www.snopes.com/fact-check/family-resemblance/
3,28456,List presents humorously bad analogies and metaphors taken from high school essays.,7.194806,FALSE,https://www.snopes.com/fact-check/why-english-teachers-die-young/
3,7168,On reauthorization of Export-Import Bank.,7.189636,OTHER,http://www.politifact.com/texas/statements/2015/may/07/rick-perry/rick-perry-flip-flops-support-export-import-bank/
3,23,“Over one in 20 children die before their fifth birthday.”,7.0683775,OTHER,https://africacheck.org/reports/does-kenya-have-one-of-the-worst-maternal-mortality-rates-in-the-world/
3,3074,Do More Americans Die From Drug Overdoses Than Car Accidents?,7.0683775,OTHER,https://checkyourfact.com/2019/02/07/fact-check-drug-overdoses-car-accidents/
3,1573,“Over one in 20 children die before their fifth birthday.”,7.0683775,TRUE,https://africacheck.org/reports/does-kenya-have-one-of-the-worst-maternal-mortality-rates-in-the-world/
3,10618,'Every day on average 500 people die from gun violence.',7.0683775,FALSE,http://www.politifact.com/truth-o-meter/statements/2019/jun/12/ilhan-omar/rep-ilhan-omars-claim-high-there-arent-500-gun-dea/
3,16280,"'We have 33,000 people a year who die from guns.'",7.0683775,MIXTURE,http://www.politifact.com/truth-o-meter/statements/2016/oct/20/hillary-clinton/hillary-clinton-says-33000-americans-die-each-year/
3,20839,A Salvation Army official stated that homosexuals 'deserve to die.',7.0683775,MIXTURE,https://www.snopes.com/fact-check/salvation-army/
3,20905,Eating gum thrown on the ground causes birds to die.,7.0683775,MIXTURE,https://www.snopes.com/fact-check/gum-kills-birds/
3,32006,Sgt. Al Powell stopped a terrorist attack at Nakatomi Plaza on Christmas in 1988.,7.0567675,FALSE,https://www.snopes.com/fact-check/al-powell-nakatomi-plaza/
3,6922,The Georgia Legislature’s last day of session ends at midnight.,7.008876,FALSE,http://www.politifact.com/georgia/statements/2015/apr/10/david-ralston/session-isnt-over-until-fat-gavel-bangs/
3,23372,A photograph shows Brexit Party leader Nigel Farage with National Front Leader Martin Webster in 1979.,7.008876,OTHER,https://www.snopes.com/fact-check/nigel-farage-martin-webster-photo/
3,11098,'The founders of New Hampshire came up with the motto Live Free or Die.',6.9829426,FALSE,http://www.politifact.com/new-hampshire/statements/2015/apr/10/rand-paul/liberty-themed-speech-rand-paul-attributed-nh-mott/
3,30747,Video shows Jeff Gordon pranking a car salesman with a wild test drive.,6.9218616,FALSE,https://www.snopes.com/fact-check/uneasy-rider/
3,843,"Did 10,000 People Die Because Of Social Security Disability Wait Times?",6.8689885,OTHER,https://checkyourfact.com/2018/01/12/fact-check-did-10000-people-die-because-of-social-security-disability-wait-times/
3,7186,'More children die in agricultural jobs than in any other industry.',6.8689885,TRUE,http://www.politifact.com/georgia/statements/2012/apr/04/rashad-taylor/federal-stats-back-labor-deaths-claim/
3,10161,'Oprah tells Fox News host ‘all white people have to die.’',6.8689885,FALSE,http://www.politifact.com/punditfact/statements/2018/jan/16/americannewscom/oprahs-comments-about-race-2013-bbc-interview-dist/
3,13947,"About 750,000 people die in China each year from auto emissions.",6.8689885,MIXTURE,http://www.politifact.com/truth-o-meter/statements/2009/oct/08/nancy-pelosi/car-pollution-china-doesnt-cause-many-deaths-nany-/
3,21989,More people die annually from falling coconuts than from shark attacks.,6.8689885,OTHER,https://www.snopes.com/fact-check/coconuts-kill-more-sharks/
3,32986,Doctors let die those patients who’ve indicated they’ll donate their organs.,6.8689885,FALSE,https://www.snopes.com/fact-check/donor-demised/
3,23016,The simultaneous death of infant twins in Turkey in 2002 was connected to their having recently received vaccinations.,6.8572264,OTHER,https://www.snopes.com/fact-check/infant-twins-die-simultaneously-vaccines/
3,29847,Musician Ringo Starr admitted that Paul McCartney passed away in 1966 and was replaced by a lookalike.,6.8572264,FALSE,https://www.snopes.com/fact-check/paul-is-dead/
3,2597,Does an African child die from malaria every 30 seconds? | Africa Check,6.6805415,OTHER,https://africacheck.org/reports/does-an-african-child-die-from-malaria-every-30-seconds/
3,6093,'More people now die in Wisconsin from drug overdoses than car crashes.',6.6805415,TRUE,http://www.politifact.com/wisconsin/statements/2016/jul/08/brad-schimel/do-more-people-die-wisconsin-overdoses-car-crashes/
3,6681,"Statistically, law-enforcement officers die 10 years earlier than the general population.",6.6805415,FALSE,http://www.politifact.com/rhode-island/statements/2011/aug/14/robert-barber/retired-police-captain-says-law-enforcement-office/
3,18092,"'Every day, four North Carolinians die from a medication or drug overdose.'",6.6805415,MIXTURE,http://www.politifact.com/north-carolina/statements/2017/apr/13/greg-murphy/how-many-people-die-every-day-drug-overdoses-north/
3,23173,Dogs die after eating children’s stuffed toys that contain flame-retardant materials.,6.6805415,MIXTURE,https://www.snopes.com/fact-check/chewed-out/
3,24688,"In November 2017, Pope Francis called for the right to marry for Catholic priests.",6.673317,MIXTURE,https://www.snopes.com/fact-check/pope-francis-married-priests/
3,23447,A baby died at an unnamed medical facility because its parents refused to allow a black nurse to care for the child.,6.549905,OTHER,https://www.snopes.com/fact-check/fiercefemtivist-nurse-racist-parents/
3,33620,A stuntman was killed during the filming of the chariot race scene in the 1959 version of 'Ben-Hur' and that his death was left in the final cut.,6.549905,FALSE,https://www.snopes.com/fact-check/stuntman-death-in-ben-hur/
3,3715,Did Clint Eastwood Die From A Heart Attack Like This Facebook Post Claims?,6.502157,OTHER,https://checkyourfact.com/2019/09/25/fact-check-clint-eastwood-dead-heart-attack-facebook-post-fake/
3,8427,"'Each year, 18,000 people die in America because they don't have health care.'",6.502157,TRUE,http://www.politifact.com/truth-o-meter/statements/2007/sep/18/hillary-clinton/indeed-uninsured-people-have-higher-mortality-rate/
3,13822,More people die from 'medical misadventures' than firearm accidents nationally and in Florida.,6.502157,MIXTURE,http://www.politifact.com/florida/statements/2011/jan/24/national-rifle-association/nra-claims-more-die-accident-medical-misadventures/
3,14050,'It is estimated that more than 20 veterans die by suicide every day.',6.502157,MIXTURE,http://www.politifact.com/west-virginia/statements/2019/apr/24/joe-manchin/do-more-20-veterans-die-suicide-every-day/
3,17102,"'30,000 Americans a year die waiting for health care because of the cost.'",6.502157,MIXTURE,http://www.politifact.com/health-check/statements/2019/jun/24/bernie-sanders/fuzzy-math-fuels-sanders-claim-cost-barriers-healt/
3,19307,"In South Sudan, 'more teenage girls die in childbirth than finish high school.'",6.502157,MIXTURE,http://www.politifact.com/global-news/statements/2016/jul/25/unicef/unicef-more-girls-south-sudan-die-childbirth-gradu/
3,21198,Purina's Beneful brand dog food is causing dogs to become ill and die.,6.502157,OTHER,https://www.snopes.com/fact-check/beneful-dog-food/
3,30527,More people are killed by donkeys every year than die in airplane accidents.,6.502157,FALSE,https://www.snopes.com/fact-check/donkey-hokey-2/
3,13537,Says under the Romney-Ryan budget ... 'the American Opportunity Tax Credit for college tuition would be eliminated.',6.3684206,MIXTURE,http://www.politifact.com/new-hampshire/statements/2012/aug/31/barack-obama/romneyryan-budget-would-be-end-road-american-oppor/
3,1001,Do 12 Africans die of hunger every minute? The claim is exaggerated | Africa Check,6.3330517,OTHER,https://africacheck.org/reports/do-12-africans-die-of-hunger-every-minute-the-claim-is-exaggerated/
3,15375,"Says 'Every year air pollution protections are delayed, another 34,000 people will die prematurely.'",6.3330517,MIXTURE,http://www.politifact.com/oregon/statements/2011/oct/03/earl-blumenauer/earl-blumenauer-says-delaying-air-pollution-rules-/
3,17653,'Six people in Florida die as a result of (not expanding Medicaid) every day.',6.3330517,MIXTURE,http://www.politifact.com/florida/statements/2014/feb/12/charlie-crist/charlie-crist-says-six-floridians-die-day-due-lack/
3,12742,An average of nine children a day in the U.S. die of gunshot wounds.,6.3330517,MIXTURE,http://www.politifact.com/oregon/statements/2014/jun/27/brady-campaign-prevent-gun-violence/do-average-nine-children-day-die-united-states-gun/
3,13735,'Medicaid patients were 97 percent more likely to die than those with private insurance.',6.3330517,MIXTURE,http://www.politifact.com/florida/statements/2015/apr/22/richard-corcoran/medicaid-recipients-97-percent-more-likely-die-pri/
3,13961,"'As many as 22,000 Americans die each year because they don’t have health insurance.'",6.3330517,MIXTURE,http://www.politifact.com/truth-o-meter/statements/2009/aug/20/bill-pascrell/pascrell-says-22000-americans-die-yearly-because-t/
3,3646,Luke Perry died of a stroke after receiving a pneumonia vaccine.,6.268948,OTHER,https://www.truthorfiction.com/did-luke-perry-die-after-a-pneumonia-vaccine/
3,19654,"'Since the Sandy Hook tragedy, more than seven children PER DAY have died from gun violence.'",6.268948,MIXTURE,http://www.politifact.com/california/statements/2016/dec/27/jackie-speier/examining-claim-7-children-day-die-gun-violence/
3,21998,"Instagram model Kristyna Martelli underwent 100 elective cosmetic medical procedures, and died during a surgery in April 2017.",6.268948,OTHER,https://www.snopes.com/fact-check/kristyna-martelli/
3,25602,A Toronto lawyer demonstrating the safety of window panes in a skyscraper plunged through a window to his death.,6.268948,TRUE,https://www.snopes.com/fact-check/window-strength-death/
3,27825,Singer Adele died in a car crash in March 2016.,6.268948,FALSE,https://www.snopes.com/fact-check/adele-death-hoax-rumors/
3,28865,"Disney can legitmately claim that no one has ever died at one of their theme parks, because they always ensure that accident victims are removed from park property before being declared dead.",6.268948,FALSE,https://www.snopes.com/fact-check/declared-deaths/
3,30402,Photographs show thousands and thousands of unsold new cars deteriorating in storage lots until they are scrapped.,6.268948,FALSE,https://www.snopes.com/fact-check/unsold-cars/
3,31647,"President Trump's second wife, Marla Maples, died in a plane crash in April 2017.",6.268948,FALSE,https://www.snopes.com/fact-check/marla-maples-plane-crash/
3,32108,Dutch teen author Noa Pothoven was voluntarily euthanized.,6.268948,FALSE,https://www.snopes.com/fact-check/teen-noa-pothoven-euthanasia/
3,3575,In South Sudan more girls likely die in childbirth than finish high school | Africa Check,6.1725197,OTHER,https://africacheck.org/reports/more-girls-in-south-sudan-likely-die-in-childbirth-than-finish-high-school/
3,10684,'African-American children are 500 percent more likely to die from asthma than white kids.',6.1725197,TRUE,http://www.politifact.com/truth-o-meter/statements/2015/aug/11/hillary-clinton/clinton-accurately-says-black-children-asthma-have/
3,16308,"'More (people) die from indoor air pollution than from malaria, HIV/AIDS and TB combined.'",6.1725197,MIXTURE,http://www.politifact.com/global-news/statements/2017/may/18/james-rockall/yes-indoor-air-pollution-kills-more-hivaids-malari/
3,12740,"In America, 'more people die from' prescription narcotic painkillers 'than from heroin and cocaine combined.'",6.1725197,MIXTURE,http://www.politifact.com/wisconsin/statements/2017/apr/19/brad-schimel/which-deadlier-prescription-painkillers-heroin-or-/
3,25378,Dynamic Pet Products Real Ham Bone have caused several dogs to fall ill and die.,6.1725197,OTHER,https://www.snopes.com/fact-check/dynamic-pet-products-real-ham-bone/
3,27576,Cuban leader Fidel Castro once said he wouldn't die until the United States was destroyed.,6.1725197,FALSE,https://www.snopes.com/fact-check/fidel-castro-said-he-wont-die-until-america-is-destroyed/
3,3596,‘More Americans Will Die From Drugs This Year Than Were Killed In The Entire Vietnam War’,6.0199246,OTHER,https://checkyourfact.com/2019/01/10/fact-check-americans-die-drugs-killed-vietnam-war/
3,4805,The Benghazi victims were 'left helpless to die as Hillary Clinton soundly slept in her bed.',6.0199246,FALSE,http://www.politifact.com/truth-o-meter/statements/2016/jun/23/donald-trump/donald-trump-says-hillary-clinton-slept-through-be/
3,1729,Bernie Sanders Claims That Black Women Are More Likely To Die From Pregnancy Than White Women,6.0199246,OTHER,https://checkyourfact.com/2019/04/04/fact-check-bernie-sanders-black-white-women-die-pregnancy/
3,18847,Roughly 700 Georgians die needlessly each year because they are too far from a trauma center.,6.0199246,MIXTURE,http://www.politifact.com/georgia/statements/2011/jun/10/kevin-bloye/trauma-centers-save-lives-just-not-many-people-thi/
3,20875,"If you die, you can send your ashes to legislators as one final act of protest.",6.0199246,TRUE,https://www.snopes.com/fact-check/ashes-mailed-to-congress/
3,29942,Tom Price said that it was 'better for our budget if cancer patients die more quickly.',6.0199246,FALSE,https://www.snopes.com/fact-check/tom-price-cancer-patients/
3,5497,"The Dayton, Ohio, shooting suspect died in 2014.",6.0111036,FALSE,http://www.politifact.com/facebook-fact-checks/statements/2019/aug/06/viral-image/no-dayton-shooting-suspect-didnt-die-2014/
3,26991,'Happy Days' actor Henry Winkler passed away at the age of 77 in February 2019.,6.0111036,FALSE,https://www.snopes.com/fact-check/henry-winkler-death/
3,27023,Hillary Clinton died suddenly of a previously unknown medical condition.,6.0111036,FALSE,https://www.snopes.com/fact-check/hillary-clinton-rare-disease/
3,27548,Republican presidential candidate Donald Trump has died of a 'violent heart attack.',6.0111036,FALSE,https://www.snopes.com/fact-check/false-donald-trump-has-died-possible-heart-attack/
3,28124,A teenager died attempting the ALS ‘ice bucket challenge.’,6.0111036,FALSE,https://www.snopes.com/fact-check/ice-bucket-challenge-deaths/
3,31950,The actress who portrayed Jill Masterson in the James Bond film Goldfinger died from asphyxiation after being covered with gold paint.,6.0111036,FALSE,https://www.snopes.com/fact-check/goldfinger-actress-death/
3,33441,"After collapsing at a post-concert party, a rock star was rushed to an emergency room, where doctors pumped a pint of semen out of his (or her) stomach.",5.9599657,FALSE,https://www.snopes.com/fact-check/rock-star-stomach-pump/
3,552,"Each week, 21 fathers die by suicide influenced directly by 'child access issues' or child custody disputes.",5.8746924,OTHER,https://www.truthorfiction.com/do-21-fathers-die-of-suicide-each-week-because-of-child-custody-disputes/
3,1077,"Of the roughly 14,000 Nigerian women diagnosed with cervical cancer every year, just over 8,000 will die.",5.8746924,OTHER,https://africacheck.org/reports/charity-understates-cervical-cancer-deaths-in-nigeria-as-it-unveils-campaign/
3,6785,'Individuals with mental illnesses die an average of 25 years earlier than those without a mental illness.',5.8746924,TRUE,http://www.politifact.com/ohio/statements/2013/jan/02/terry-russell/nami-ohio-leader-terry-russell-says-people-mental-/
3,13833,'Americans are 20 times as likely to die from gun violence as citizens of other civilized countries.',5.8746924,MIXTURE,http://www.politifact.com/punditfact/statements/2014/jan/17/lisa-bloom/americans-are-20-times-likely-die-gun-violence-cit/
3,19914,"'Actually, on some procedures, you're more likely to die if you're on Medicaid than if you're uninsured.'",5.8746924,MIXTURE,http://www.politifact.com/florida/statements/2017/jun/28/michael-needham/are-medicaid-patients-more-likely-die-uninsured-he/
3,16791,"'Thanks to Washington, nearly everyone will pay more in taxes in 2013. Somehow people think it's just the wealthy. It's not.'",5.8352127,MIXTURE,http://www.politifact.com/wisconsin/statements/2013/jan/20/scott-walker/gov-scott-walker-says-nearly-everyone-will-pay-mor/
3,20776,'(After the auto bailout) General Motors is back on top as the world’s No. 1 automaker.',5.8352127,MIXTURE,http://www.politifact.com/truth-o-meter/statements/2012/jan/25/barack-obama/Barack-Obama-bailout-GM-number-one/
3,705,The detective who led investigations into Jeffrey Epstein died mysteriously at the age of 50 in September 2019.,5.7736316,OTHER,https://www.truthorfiction.com/did-the-detective-who-led-jeffrey-epstein-investigation-die-after-a-brief-illness-at-50-in-september-2019/
3,11497,There were '76 deaths in three years' at the Buffalo Psychiatric Center,5.7736316,FALSE,http://www.politifact.com/new-york/statements/2017/apr/12/michael-kearns/how-many-patients-have-died-buffalo-psychiatric-ce/
3,23163,"A man in Stockholm, Sweden died from a fat embolism after undergoing penis enlargement surgery.",5.7736316,TRUE,https://www.snopes.com/fact-check/penis-enlargement-death-embolism/
3,23791,"Oprah Winfrey said that in order for the problem of racism to be solved, old white people have to die.",5.7736316,MIXTURE,https://www.snopes.com/fact-check/oprah-winfrey-old-white-people-have-to-die/
3,26959,"The Dayton, Ohio, mass shooting suspect 'Connor Betts' is or has assumed the identity of the same Connor Betts who died in Connecticut in 2014.",5.7736316,FALSE,https://www.snopes.com/fact-check/connor-betts-dayton-died-2014/
3,27158,The death of former BBC investigative reporter Liz MacKean was 'suspicious.',5.7736316,FALSE,https://www.snopes.com/fact-check/bbc-pedophilia-journalist-dead/
3,29805,The airplane that carried Buddy Holly to his death was named 'American Pie.',5.7736316,FALSE,https://www.snopes.com/fact-check/american-pie/
3,31994,Soccer star Mia Hamm died in January 2019.,5.7736316,FALSE,https://www.snopes.com/fact-check/mia-hamm-death-hoax/
3,32232,A teen boy died of 'orgasmic shock' after masturbating 46 times in a row.,5.7736316,FALSE,https://www.snopes.com/fact-check/teen-boy-46-times/
3,33608,A photograph shows the heart of a child who contracted a fatal case of heartworm from kissing and sleeping with a dog.,5.7736316,FALSE,https://www.snopes.com/fact-check/child-heartworm-dog/
3,20998,An infant who survived abortion in a Polish hospital screamed for an hour while left alone to die.,5.7363033,OTHER,https://www.snopes.com/fact-check/abortion-survive-scream/
3,30278,Mississippi State Representative Jeff Guice said that 'sick children should die if their parents can’t afford medical supplies.',5.7363033,FALSE,https://www.snopes.com/fact-check/jeff-guice-sick-children/
3,32083,Fox News personality Tomi Lahren said that people who die during mass shootings don't believe in God enough.,5.7363033,FALSE,https://www.snopes.com/fact-check/tomi-lahren-mass-shooting-victims-god/
3,6924,The 1986 Challenger Space Shuttle disaster was a hoax; the crew did not die and are still alive today.,5.6042833,FALSE,http://www.politifact.com/facebook-fact-checks/statements/2019/feb/01/facebook-posts/conspiracy-theorists-peddle-fake-claim-about-1986-/
3,24748,"Jellyfish and lobsters are considered biologically immortal, meaning they don’t age and will never die unless they are killed.",5.6042833,MIXTURE,https://www.snopes.com/fact-check/are-jellyfish-and-lobsters-biologically-immortal/
3,8221,"'The lifespan of the average American is less than that of people in nations that spend far less (on health care). ... To put it bluntly, we spend more and die sooner.'",5.554209,TRUE,http://www.politifact.com/truth-o-meter/statements/2010/mar/03/mitt-romney/romney-says-americans-pay-more-health-care-die-soo/
3,11509,"'Barack Obama tweets sick attack on John McCain, says he should have died.'",5.554209,FALSE,http://www.politifact.com/punditfact/statements/2017/jul/28/blog-posting/fake-tweet-said-obama-hoped-mccain-would-die-brain/
3,17586,'Seven more people will die each and every day until the Legislature ratifies these (pain clinic) rules that are being approved by the Board of Medicine and the Department of Health.',5.554209,MIXTURE,http://www.politifact.com/florida/statements/2010/nov/24/mike-fasano/mike-fasano-says-seven-people-day-die-using-prescr/
3,21081,A Tennessee boy died in the arms of a local man portraying Santa Claus during a hospital visit.,5.554209,OTHER,https://www.snopes.com/fact-check/5-year-old-boy-dies-in-santas-arms/
3,21646,An eighth Russian with ties to the Trump-Russia scandal has mysteriously died.,5.554209,OTHER,https://www.snopes.com/fact-check/eighth-russian-tied-to-trump-dies/
3,22284,A man named Shane Patrick Boyle died shortly after starting a GoFundMe fundraiser for insulin.,5.554209,TRUE,https://www.snopes.com/fact-check/shane-patrick-boyle-died-after-starting-a-gofundme-campaign-for-insulin/
3,27396,"In September 2018, a 33-year-old man in Myrtle Beach, South Carolina, died after the bullet he shot at Hurricane Florence rebounded and hit him in the head.",5.554209,FALSE,https://www.snopes.com/fact-check/myrtle-beach-shooting-gun-hurricane-florence/
3,27533,"Jimi Hendrix, Jim Morrison, Janis Joplin, and Kurt Cobain all died with white Bic lighters in their pockets.",5.554209,FALSE,https://www.snopes.com/fact-check/white-bic-lighter-deaths/
3,29288,Patients on life support died when a San Francisco hospital shut off all its power in observance of Earth Hour.,5.554209,FALSE,https://www.snopes.com/fact-check/hour-dearly-beloved/
3,30847,A New Zealand Woman died in Pensacola in an attempt to take an 'alligator selfie.',5.554209,FALSE,https://www.snopes.com/fact-check/alligator-selfie-hoax/
3,31312,Mike Pence and 23 staff members were killed in a plane crash.,5.554209,FALSE,https://www.snopes.com/fact-check/mike-pence-staffers-die/
3,33248,Broward County Sheriff's Deputy Jason Fitzsimons died suspiciously after posting a photograph criticizing Parkland shooting survivor David Hogg.,5.554209,FALSE,https://www.snopes.com/fact-check/florida-deputy-david-hogg/
3,2418,"If you sit more than 11 hours a day, there’s a 50% chance you’ll die within the next 3 years.",5.4782033,FALSE,https://africacheck.org/reports/no-sitting-for-over-11-hours-a-day-doesnt-mean-50-chance-youll-die-in-three-years/
3,18361,'A black woman in New York City is 12 times more likely to die in childbirth than a white woman.',5.4782033,MIXTURE,http://www.politifact.com/new-york/statements/2019/mar/02/kirsten-gillibrand/gillibrand-raises-issue-racial-disparity-maternal-/
3,21605,Axel Springer CEO Mathias Döpfner wrote an editorial for Die Welt blasting Europe for its timidity in confronting Islamic fanaticism.,5.4782033,TRUE,https://www.snopes.com/fact-check/europe-thy-name-is-cowardice/
3,22036,An Indian man who was bitten by a snake then bit his wife because he wanted them to 'die together.',5.4782033,OTHER,https://www.snopes.com/fact-check/indian-man-snake-bite-wife/
3,23660,"A California pastor praised the Orlando nightclub shooting, saying that it's a tragedy more homosexual 'predators' and 'pedophiles' didn't die.",5.4782033,TRUE,https://www.snopes.com/fact-check/california-pastor-praises-orlando-massacre/
3,31885,A 'killer clown' left a note at an elementary school threatening that 'kids will die' if Halloween is not cancelled.,5.4782033,FALSE,https://www.snopes.com/fact-check/killer-clown-warning-note/
3,28742,A photograph taken during World War II shows members of the League of German Girls during a uniform inspection.,5.3580236,FALSE,https://www.snopes.com/fact-check/league-of-german-girls-inspection-during-world-war-ii/
3,788,More Americans die every year from a lack of affordable healthcare than by terrorism or at the hands of undocumented immigrants.,5.357672,OTHER,https://www.truthorfiction.com/are-americans-annually-healthcare-undocumented/
3,8326,"Says U.S. Health and Human Services Secretary Tom Price said, 'It’s better for our budget if cancer patients die more quickly.'",5.357672,FALSE,http://www.politifact.com/punditfact/statements/2017/mar/21/blog-posting/fake-quote-tom-price-did-not-tell-cancer-patients-/
3,9178,"Says 3,000 people 'did not die' in two hurricanes that hit Puerto Rico. That death toll estimate was 'done by Democrats.'",5.357672,FALSE,http://www.politifact.com/truth-o-meter/statements/2018/sep/18/donald-trump/trump-lacks-proof-puerto-rico-hurricane-death-toll/
3,12438,"'Joe Sestak ... even wants to bring back the death tax, letting the IRS take half of your savings when you die.'",5.357672,MIXTURE,http://www.politifact.com/truth-o-meter/statements/2010/aug/24/pat-toomey/pat-toomey-hits-joe-sestak-estate-tax-leaves-out-s/
3,28209,"The viral quote “If a writer falls in love with you, you can never die” was written by Canadian rapper Drake.",5.357672,FALSE,https://www.snopes.com/fact-check/when-a-writer-falls-in-love-with-you/
3,30085,"Assailant disables woman’s car by putting sugar water in her gas tank, causing the vehicle to die in an isolated location.",5.357672,FALSE,https://www.snopes.com/fact-check/sugar-shackled/
3,3753,"'At least 50,000 Nigerians died from terrorism in 2017'",5.350854,FALSE,https://africacheck.org/reports/least-50000-nigerians-die-terrorism-2017/
3,6118,Says that '18 children died while in custody of Border Patrol' during the Obama administration.,5.350854,FALSE,http://www.politifact.com/facebook-fact-checks/statements/2019/jan/02/blog-posting/no-18-children-didnt-die-us-border-protection-cust/
3,6010,'Obesity kills 34 children per hour.',5.350854,FALSE,http://www.politifact.com/texas/statements/2011/may/31/rob-eissler/state-rep-rob-eissler-says-34-children-die-obesity/
3,7415,"Sheila Jackson Lee of Texas said: ‘Hey, all you wrinkly, white-aged has-beens: It’s time for you to die and let the next generation have your spot on the planet.’",5.350854,FALSE,http://www.politifact.com/texas/statements/2015/feb/24/facebook-posts/light-match-facebook-meme-quotes-sheila-jackson-le/
3,9896,'JUST IN: Actor ‘Vin Deisel’ dies after a Failed Attempt to Perfect a Stunt on set.' ​,5.350854,FALSE,http://www.politifact.com/punditfact/statements/2018/aug/23/blog-posting/not-so-fast-vin-diesel-didnt-die-failed-stunt-atte/
3,11611,"'Doctors kill about 250,000 people a year in botched surgeries.'",5.350854,FALSE,http://www.politifact.com/wisconsin/statements/2016/jun/29/david-clarke-jr/do-250000-americans-die-every-year-because-mistake/
3,11743,'Celine Dion’s 16-year-old Rene-Charles Angelil’s was among the 58 victims who were killed' in Las Vegas.,5.350854,FALSE,http://www.politifact.com/truth-o-meter/statements/2017/oct/04/houstonchronicle-tvcom/no-celine-dions-son-did-not-die-las-vegas-shooting/
3,13960,'We're losing thousands of (veterans) waiting on line' because they can't get speedy health care from the Veterans Administration.,5.350854,MIXTURE,http://www.politifact.com/truth-o-meter/statements/2016/jun/01/donald-trump/donald-trump-thousands-veterans-die-waiting-treatm/
3,21217,A photograph shows a dead sperm whale that washed ashore after swallowing 64 pounds of plastic debris and other trash.,5.350854,OTHER,https://www.snopes.com/fact-check/sperm-whale-die-swallowing-64-pounds-plastic-debris/
3,21281,A 13-year-old girl was beheaded by an 'illegal immigrant' in a crime 'suppressed' by the mainstream news media.,5.350854,MIXTURE,https://www.snopes.com/fact-check/police-13-year-old-girl-beheaded-seeing-grandmother-die/
3,23808,A 26-year-old man named Alex Smith of Minneapolis died because he had aged out of his mother's health insurance and couldn't afford insulin.,5.350854,TRUE,https://www.snopes.com/fact-check/alex-smith-died-couldnt-afford-insulin/
3,25006,An 8-year-old Yemeni girl was forced to marry a 40-year-old man and then died of vaginal injuries on their wedding night.,5.350854,OTHER,https://www.snopes.com/fact-check/yemen-child-bride/
3,28462,"The world's most-pierced person, Gerard Rogers, was killed while passing through a metal detector at LAX airport.",5.350854,FALSE,https://www.snopes.com/fact-check/most-pierced-person-dies/
3,28681,A New York man died after contracting an E. coli infection from performing analingus on his girlfriend.,5.350854,FALSE,https://www.snopes.com/fact-check/ecoli-girlfriend-death/
3,30084,A man in Argentina died from peritonitis after holding in gas during a visit with his girlfriend's mother.,5.350854,FALSE,https://www.snopes.com/fact-check/fart-death/
3,30424,Seven 'key witnesses' to the 1 October 2017 mass shooting in Las Vegas have suspiciously died in a cover-up.,5.350854,FALSE,https://www.snopes.com/fact-check/seven-witnesses-to-vegas-shooting-died-suspicious/
3,30487,"The test of a 5G cellular network is the cause of unexplained bird deaths occurring in a park in The Hague, Netherlands.",5.350854,FALSE,https://www.snopes.com/fact-check/5g-cellular-test-birds/
3,17309,"'One person, Kathleen Sebelius, was going to determine whether or not' 10-year-old lung patient Sarah Murnaghan would live or die.",5.2423296,MIXTURE,http://www.politifact.com/truth-o-meter/statements/2013/jun/11/rush-limbaugh/rush-limbaugh-says-hhs-secretary-kathleen-sebelius/
3,20408,"Says each year approximately 30,000 people in the United States die as a result of gunfire, and about 80,000 people are wounded.",5.2423296,MIXTURE,http://www.politifact.com/ohio/statements/2013/feb/08/joyce-beatty/rep-joyce-beatty-says-about-30000-people-die-gunfi/
3,21308,EverPet brand dog and cat food is made in China and has caused pets to fall ill and die in the U.S.,5.2423296,OTHER,https://www.snopes.com/fact-check/everpet-dog-food/
3,29053,"During an MTV interview, singer Lauryn Hill said: 'I would rather die than have a white person buy one of my albums.'",5.2423296,FALSE,https://www.snopes.com/fact-check/the-miselucidation-of-lauryn-hill/
3,56,"In September 2019, a pastor died after fasting for 30 days in an attempt to 'equal or break Jesus Christ record of fasting for 40 days.'",5.161864,OTHER,https://www.truthorfiction.com/did-a-pastor-die-after-30-days-of-fasting-to-beat-jesus-record/
3,2979,''Ban gun' teenagers' ought to protest cars and phones instead of lax gun policy because texting and driving kills 11 teens each day.,5.161864,OTHER,https://www.truthorfiction.com/dear-ban-gun-teenagers-11-teens-die-a-day-from-texting-and-driving/
3,21888,"A second Broward County sheriff’s deputy died suspiciously after 'exposing' the mass school shooting in Parkland, Florida.",5.161864,MIXTURE,https://www.snopes.com/fact-check/second-broward-county-death/
3,23960,All of the patients in the intensive care unit of a Puerto Rican hospital were killed by Hurricane Maria.,5.161864,OTHER,https://www.snopes.com/fact-check/patients-die-intensive-care-puerto-rico-icu/
3,25715,Eighteen undocumented immigrant children died in the custody of U.S. Border Patrol during the Obama administration.,5.161864,MIXTURE,https://www.snopes.com/fact-check/18-migrant-children-died-obama/
3,27590,Stormy Daniels wrote a 'suicide note' admitting she lied about having an affair with Donald Trump before she committed suicide.,5.161864,FALSE,https://www.snopes.com/fact-check/stormy-daniels-note-admission/
3,32149,"Duane Devane, a Medal of Honor recipient, died after being turned away from a hospital in Atlanta on the basis that he had no health insurance.",5.161864,FALSE,https://www.snopes.com/fact-check/duane-devane-medal-of-honor/
3,27013,Giving your dog ice or ice water on a hot day is likely to cause your pet to die from bloating and spasms.,5.13185,FALSE,https://www.snopes.com/fact-check/dogs-and-ice-water/
3,28155,"The driver of the vehicle that killed one person and injured more than a dozen others at the Unite the Right rally in Charlottesville, Virginia, is a known 'radical leftist' supported by Hillary Clinton and George Soros.",5.045767,FALSE,https://www.snopes.com/fact-check/charlottesville-killer-radical-leftist/
3,5785,On leaks and the release of secret information.,4.9982386,OTHER,http://www.politifact.com/truth-o-meter/statements/2017/feb/16/donald-trump/trumps-flip-flop-leaks-and-release-secret-informat/
3,3823,One in 10 children in Nigeria does not reach their fifth birthday.,4.985769,TRUE,https://africacheck.org/reports/does-one-in-10-children-in-nigeria-die-before-their-5th-birthday/
3,7034,"'According to the Centers for Disease Control and Prevention (CDC), about 120 Americans on average die from a drug overdose every day. Overall, drug overdose deaths now outnumber deaths from firearms.'",4.985769,TRUE,http://www.politifact.com/truth-o-meter/statements/2016/mar/21/joe-pitts/rep-joe-pitts-says-120-americans-die-daily-overdos/
3,8958,There are '10 or 20 deaths a year from foodborne illness' in the United States.,4.985769,FALSE,http://www.politifact.com/truth-o-meter/statements/2010/dec/09/tom-coburn/tom-coburn-says-only-10-20-people-die-annually-foo/
3,21786,"Heather Holland, a 38-year-old grade school teacher in Willow Park, Texas, died because she couldn't afford the co-pay for her flu medication.",4.985769,MIXTURE,https://www.snopes.com/fact-check/heather-holland-died-flu-medicine/
3,24676,A child died in June 2018 because his parents used essential oils to treat his asthma.,4.985769,OTHER,https://www.snopes.com/fact-check/child-asthma-die-parents-switched-essential-oils-treatment/
3,28397,A U.S. surgeon who exposed “Clinton Foundation corruption in Haiti” was found dead in his home under suspicious circumstances.,4.985769,FALSE,https://www.snopes.com/fact-check/surgeon-clinton-foundation-corruption-haiti/
3,14842,"'Over 32,000 people die from #GunViolence every year. Yet, (The U.S. Centers for Disease Control and Prevention) is banned from researching ways to prevent this.'",4.9242935,MIXTURE,http://www.politifact.com/wisconsin/statements/2016/mar/09/tammy-baldwin/testing-tammy-baldwin-claim-gun-deaths-cdc-researc/
3,12783,"'Every time they’ve done those border patrols, they’ve taken out people who have trafficked drugs. That’s the federal government’s role. They’re doing their job.'",4.8252125,MIXTURE,http://www.politifact.com/new-hampshire/statements/2018/jul/27/chris-sununu/sununu-says-nabbing-drug-traffickers-border-patrol/
3,1890,Dead sperm whales wash up in Germany with stomachs full of plastic and car parts,4.8212914,OTHER,https://factcheck.afp.com//these-whales-died-england-scientists-said-they-did-not-die-man-made-trauma
3,9776,'Today President Obama said there will NOT be a National Day of Prayer in May.',4.8212914,FALSE,http://www.politifact.com/truth-o-meter/statements/2016/apr/29/facebook-posts/another-lie-wont-die-multitudes-say-obama-has-canc/
3,16133,"'Every time the weight of that vehicle is reduced by a hundred pounds, your chances of dying are going to go up by about 5 percent. Peel three hundred pounds off – you’re 15 percent more likely to die in that car.'",4.8212914,MIXTURE,http://www.politifact.com/oregon/statements/2012/mar/29/lars-larson/are-you-15-percent-more-likely-die-car-s-300-pound/
3,26791,"During a concert in Las Vegas on 1 October 2017, a 'mystery woman' warned or threatened crowds about the mass shooting that took place shortly afterwards.",4.8212914,OTHER,https://www.snopes.com/fact-check/woman-warned-las-vegas-shooting/
3,29189,A man died in a meth lab explosion after attempting to light his own flatulence.,4.8212914,FALSE,https://www.snopes.com/fact-check/meth-lab-explosion-gas/
3,31322,"A father was faced with the horrifying choice between saving his son's life at the cost of many, or watching his son die as his inaction saves others.",4.642639,FALSE,https://www.snopes.com/fact-check/father-sacrifice-son-train-bridge/
3,6847,"The health care reform plan would set limits similar to the 'socialized' system in Britain, where people are allowed to die if their treatment would cost more than $22,000.",4.5557804,FALSE,http://www.politifact.com/truth-o-meter/statements/2009/aug/06/club-growth/club-growths-health-care-ad-campaign-misleading/
3,16846,"Of hospitals in Rick Scott’s Columbia/HCA health care company, 'A top executive said they even turned away a poor man and left him to die outside their door.'",4.5557804,MIXTURE,http://www.politifact.com/florida/statements/2010/jun/15/florida-first-initiative/groups-ad-attacks-rick-scott-over-history-columbia/
3,8285,"What Republicans call the 'death tax' is the estate tax 'on the ultra wealthy' which, in 2016, was paid by only 'two out of every 1,000 people.'",4.522879,TRUE,http://www.politifact.com/wisconsin/statements/2017/oct/27/mark-pocan/death-tax-republicans-want-repeal-paid-only-2-1000/
3,1046,South Africa's criminal cops: Is the rot far worse than we have been told? | Africa Check,4.5127716,OTHER,https://africacheck.org/reports/south-africas-criminal-cops-is-the-rot-far-worse-than-we-have-been-told/
3,25148,"In March 2019, Germany requested the removal of Richard Grenell as U.S. Ambassador to Germany.",4.5127716,MIXTURE,https://www.snopes.com/fact-check/germany-ambassador-grenell/
3,10611,"A viral image shows LeBron James wearing a T-shirt that reads, 'We march, y’all mad. We sit down, y’all mad. We speak up, y’all mad. We die, y’all silent.'",4.4721117,FALSE,http://www.politifact.com/punditfact/statements/2017/oct/12/viral-image/fake-photo-changes-social-message-lebron-james-t-s/
3,4626,The health care law includes 'a 3.8% sales tax' on 'all real estate transactions.',4.2592525,FALSE,http://www.politifact.com/truth-o-meter/statements/2012/jul/25/chain-email/3-8-percent-tax-real-estate-transactions-health-ca/
3,13594,"'When you throw 23 million people off of health insurance -- people with cancer, people with heart disease, people with diabetes -- thousands of people will die. … This is study after study making this point.'",4.2385826,MIXTURE,http://www.politifact.com/truth-o-meter/statements/2017/jun/27/bernie-sanders/bernie-sanders-projection-thousands-added-deaths-g/
3,17826,'Granite State shipbuilders . . . built the first ship that sailed into battle under a new American flag.',4.2383327,MIXTURE,http://www.politifact.com/new-hampshire/statements/2016/jul/16/frank-guinta/frank-guinta-says-first-ship-fly-american-flag-bat/
3,32372,"The opening line of the Christmas carol 'God Rest Ye Merry Gentlemen' means 'God make you mighty, gentlemen.'",4.1132603,FALSE,https://www.snopes.com/fact-check/god-rest-ye-merry-gentlemen/
3,16768,'People who die from a home invasion make up a sad but minuscule .04% of all gun murders in the U.S. And over a third of them are killed by their own gun that the criminal has either stolen or wrestled from them.',3.6645107,MIXTURE,http://www.politifact.com/punditfact/statements/2017/oct/25/michael-moore/michael-moore-flubs-stats-people-killed-guns-durin/
3,2413,Samuel L. Jackson was an unknown actor and heroin addict before a catalyst role in the 1990s saved him from addiction.,3.494526,OTHER,https://www.truthorfiction.com/was-samuel-l-jackson-an-unknown-heroin-addict-before-pulp-fiction/
3,21259,"Teen girl who disobeys her parents and sneaks out of the house to go to a party only to die in hospital later that night after a two-car accident caused by her drunk, stoned date claims not only his life but that of her mom and dad.",3.3610334,OTHER,https://www.snopes.com/fact-check/dead-wreckoning/
3,614,New York Times & others STILL wrong on number of immigrants in South Africa | Africa Check,3.0375977,OTHER,https://africacheck.org/reports/new-york-times-use-plagiarised-article-to-back-up-sa-immigrant-number/
3,1117,"A recently published online article claimed that rhinoceroses have gone extinct, before then claiming that the last black rhinoceros died following a transfer to a new protected area. Both claims are false. While the western black rhinoceros subspecies was officially declared extinct in 2011, and eleven eastern black rhinos did die in July 2018 in Kenya, rhinos are not extinct. Rhinos are now extinct",2.753048,OTHER,https://factcheck.afp.com//rhinos-have-not-gone-extinct
